date,format,notes
2023-03-27,Duel Commander,"Trazyn the Infinite BANNED"
2023-05-29,Standard,"Fable of the Mirror-Breaker BANNED, Invoke Despair BANNED, Reckoner Bankbuster BANNED"
2023-05-29,Duel Commander,"Dihada, Binder of Wills BANNED AS COMMANDER, Comet, Stellar Pup BANNED, Hogaak, Arisen Necropolis BANNED, Mox Amber BANNED"
2023-07-31,Duel Commander,"Deadly Rollick BANNED, Flawless Maneuver BANNED, The One Ring BANNED, Eidolon of the Great Revel UNBANNED, High Tide UNBANNED"
2023-08-07,Modern,"Preordain UNBANNED"
2023-08-07,Legacy,"Mind's Desire UNBANNED"
2023-11-27,Duel Commander,"Lotus Petal BANNED, Rain of Filth BANNED"
2023-12-04,Pioneer,"Karn the Great Creator BANNED, Geological Appraiser BANNED, Smuggler's Copter UNBANNED"
2023-12-04,Modern,"Fury BANNED, Up the Beanstalk BANNED"
2023-12-04,Pauper,"Monastery Swiftspear BANNED"
2024-03-25,Duel Commander,"Raffine, Scheming Seer BANNED AS COMMANDER"
2024-05-13,Legacy,"All Sticker and Attraction cards BANNED"
2024-05-13,Vintage,"All Sticker and Attraction cards BANNED"
2024-05-13,Pauper,"All Sticker and Attraction cards BANNED, All That Glitters BANNED"
2024-05-27,Duel Commander,"Eris, Roar of the Storm BANNED AS COMMANDER, All Sticker and Attraction cards BANNED"
2024-06-17,Duel Commander,"Ajani, Nacatl Pariah BANNED AS COMMANDER, Nadu, Winged Wisdom BANNED AS COMMANDER"
2024-07-22,Duel Commander,"Old Stickfingers BANNED AS COMMANDER, Ardenn, Intrepid Archaeologist UNBANNED AS COMMANDER, Thrasios, Triton Hero UNBANNED AS COMMANDER, Polymorph UNBANNED"
2024-08-26,Modern,"Nadu, Winged Wisdom BANNED, Grief BANNED"
2024-08-26,Pioneer,"Amalia Benavides Aguirre BANNED, Sorin, Imperious Bloodlord BANNED"
2024-08-26,Legacy,"Grief BANNED"
2024-08-26,Vintage,"Urza's Saga RESTRICTED, Vexing Bauble RESTRICTED"
2024-09-30,Duel Commander,"Tamiyo, Inquisitive Student BANNED AS COMMANDER"
2024-12-16,Modern,"The One Ring BANNED, Amped Raptor BANNED, Jegantha the Wellspring BANNED, Faithless Looting UNBANNED, Splinter Twin UNBANNED, Green Sun's Zenith UNBANNED, Mox Opal UNBANNED"
2024-12-16,Pioneer,"Jegantha the Wellspring BANNED"
2024-12-16,Legacy,"Psychic Frog BANNED, Vexing Bauble BANNED"
2025-01-27,Duel Commander,"Ezio Auditore da Firenze BANNED AS COMMANDER, Balance BANNED, Reanimate BANNED, White Plume Adventurer BANNED, Akiri, Line-Slinger UNBANNED AS COMMANDER"
2025-03-31,Modern,"Underworld Breach BANNED"
2025-03-31,Legacy,"Sowing Mycospawn BANNED, Troll of Khazad-dum BANNED"
2025-03-31,Pauper,"Basking Broodscale BANNED, Kuldotha Rebirth BANNED, Deadly Dispute BANNED, Prophetic Prism UNBANNED, High Tide UNBANNED"
2025-05-26,Duel Commander,"Invert Polarity BANNED, Zurgo Bellstriker UNBANNED AS COMMANDER, Hogaak, Arisen Necropolis UNBANNED (now BANNED AS COMMANDER)"
2025-06-30,Standard,"Cori-Steel Cutter BANNED, Abuelo's Awakening BANNED, Monstrous Rage BANNED, Heartfire Hero BANNED, Up the Beanstalk BANNED, Hopeless Nightmare BANNED, This Town Ain't Big Enough BANNED"
2025-07-28,Duel Commander,"Blood Moon BANNED, Dark Ritual BANNED, Force of Will BANNED, Underworld Breach BANNED"
2025-09-29,Duel Commander,"Asmoranomardicadaistinaculdacar UNBANNED AS COMMANDER, Baral, Chief of Compliance UNBANNED AS COMMANDER, Esior, Wardwing Familiar UNBANNED AS COMMANDER, Rofellos, Llanowar Emissary UNBANNED AS COMMANDER, Loyal Retainers UNBANNED"
2025-11-10,Standard,"Vivi Ornitier BANNED, Screaming Nemesis BANNED, Proft's Eidetic Memory BANNED"
2025-11-10,Pioneer,"Heartfire Hero BANNED"
2025-11-10,Legacy,"Entomb BANNED, Nadu, Winged Wisdom BANNED"
2025-11-10,Pauper,"High Tide BANNED"
2025-11-24,Duel Commander,"Nadu, Winged Wisdom BANNED, Breya, Etherium Shaper UNBANNED AS COMMANDER"
2026-01-26,Duel Commander,"Rograkh, Son of Rohgahh BANNED AS COMMANDER, Tasigur, the Golden Fang UNBANNED AS COMMANDER, Trazyn the Infinite UNBANNED, Necrotic Ooze UNBANNED"
2026-03-30,Duel Commander,"Lutri, the Spellchaser UNBANNED (now BANNED AS COMPANION)"
2026-05-18,Pioneer,"Cori-Steel Cutter BANNED"
2026-05-18,Modern,"Phlage, Titan of Fire's Fury BANNED, Lotus Field BANNED, Violent Outburst UNBANNED, Umezawa's Jitte UNBANNED"
2026-05-18,Legacy,"Undercity Informer BANNED"
2026-05-18,Pauper,"Bonder's Ornament UNBANNED"
2026-05-25,Duel Commander,"Emry, Lurker of the Loch UNBANNED AS COMMANDER, Najeela, the Blade-Blossom UNBANNED AS COMMANDER, Winota, Joiner of Forces UNBANNED AS COMMANDER"
2026-06-29,Legacy,"Candelabra of Tawnos BANNED"
2026-06-29,Pauper,"Seeker of Skybreak BANNED"
2026-07-27,Duel Commander,"Spider-Man 2099 BANNED AS COMMANDER, Lumra, Bellow of the Woods BANNED AS COMMANDER, The Fantasticar BANNED AS COMMANDER"
2026-08-10,Standard,"Badgermole Cub BANNED, Stormchaser's Talent BANNED, Gran-Gran BANNED"
2026-08-10,Legacy,"The Fantasticar BANNED"
2026-08-10,Vintage,"The Fantasticar RESTRICTED"
2026-09-07,Pauper,"Narcomoeba BANNED, Price of Progress BANNED"
